<?xml version="1.0" encoding="UTF-8"?>
<data>
<channels>
    <channel
        name="ALJAZEERA"
        url="http://aj.lsops.net/live/smil:aljazeer_en.smil/playlist.m3u8"
        epg="http://i.teleboy.ch/programm/station.php?station_id=148">
    </channel>
    <channel
        name="BBC WORLD NEWS"
        url="http://akamedia2.lsops.net/live/bbcworld1_en.smil/playlist.m3u8"
        epg="http://i.teleboy.ch/programm/station.php?station_id=101">
    </channel>
    <channel
        name="BLOOMBERG"
        url="http://media4.lsops.net/live/smil:bloomber_en.smil/playlist.m3u8"
        epg="http://i.teleboy.ch/programm/station.php?station_id=150">
    </channel>
    <channel
        name="CNN INTERNATIONAL"
        url="http://akamedia2.lsops.net/live/smil:cnn_en.smil/playlist.m3u8"
        epg="http://i.teleboy.ch/programm/station.php?station_id=50">
    </channel>
    <channel
        name="CNBC EUROPE"
        url="http://akamedia2.lsops.net/live/smil:cnbc_en.smil/playlist.m3u8"
        epg="http://i.teleboy.ch/programm/station.php?station_id=131">
    </channel>
    <channel
        name="EURONEWS"
        url="http://akamedia10.lsops.net/live/smil:euronews_en.smil/playlist.m3u8"
        epg="http://i.teleboy.ch/programm/station.php?station_id=195">
    </channel>
    <channel
        name="FRANCE24 ENGLISH"
        url="http://media10.lsops.net/live/france24_en.smil/playlist.m3u8"
        epg="http://i.teleboy.ch/programm/station.php?station_id=149">
    </channel>
</channels>
</data>
