<?xml version="1.0" encoding="UTF-8"?>
<data>
<channels>
    <channel
        name="ARD"
        url="http://www.tv-kino.net/stream/live/de/ard.html"
        epg="http://i.teleboy.ch/programm/station.php?station_id=1">
    </channel>
    <channel
        name="ZDF"
        url="http://www.tv-kino.net/stream/live/de/zdf-hd.html"
        epg="http://i.teleboy.ch/programm/station.php?station_id=2">
    </channel>
    <channel
        name="SAT1"
        url="http://www.tv-kino.net/stream/live/de/sat1.html"
        epg="http://i.teleboy.ch/programm/station.php?station_id=10">
    </channel>
    <channel
        name="RTL"
        url="http://www.tv-kino.net/stream/live/de/rtl.html"
        epg="http://i.teleboy.ch/programm/station.php?station_id=8">
    </channel>
    <channel
        name="RTL2"
        url="http://www.tv-kino.net/stream/live/de/rtl2.html"
        epg="http://i.teleboy.ch/programm/station.php?station_id=23">
    </channel>
    <channel
        name="PRO7"
        url="http://www.tv-kino.net/stream/live/de/pro7.html"
        epg="http://i.teleboy.ch/programm/station.php?station_id=9">
    </channel>
    <channel
        name="KABEL1"
        url="http://www.tv-kino.net/stream/live/de/kabel1.html"
        epg="http://i.teleboy.ch/programm/station.php?station_id=26">
    </channel>
    <channel
        name="VOX"
        url="http://www.tv-kino.net/stream/live/de/vox.html"
        epg="http://i.teleboy.ch/programm/station.php?station_id=25">
    </channel>
    <channel
        name="SIXX"
        url="http://www.tv-kino.net/stream/live/de/sixx.html"
        epg="http://i.teleboy.ch/programm/station.php?station_id=259">
    </channel>
    <channel
        name="DMAX"
        url="http://www.tv-kino.net/stream/live/de/dmax.html"
        epg="http://i.teleboy.ch/programm/station.php?station_id=154">
    </channel>
    <channel
        name="SUPERRTL"
        url="http://www.tv-kino.net/stream/live/de/superrtl.html"
        epg="http://i.teleboy.ch/programm/station.php?station_id=294">
    </channel>
    <channel
        name="RTL NITRO"
        url="http://www.tv-kino.net/stream/live/de/rtlnitro.html"
        epg="http://i.teleboy.ch/programm/station.php?station_id=289">
    </channel>
    <channel
        name="SAT1 GOLD"
        url="http://www.tv-kino.net/stream/live/de/sat1gold.html"
        epg="http://i.teleboy.ch/programm/station.php?station_id=301">
    </channel>
    <channel
        name="3SAT"
        url="http://www.tv-kino.net/stream/live/de/3sat.html"
        epg="http://i.teleboy.ch/programm/station.php?station_id=11">
    </channel>
    <channel
        name="EUROSPORT"
        url="http://www.tv-kino.net/stream/live/de/eurosport.html"
        epg="http://i.teleboy.ch/programm/station.php?station_id=35">
    </channel>
    <channel
        name="SPORT1"
        url="http://www.tv-kino.net/stream/live/de/sport1.html"
        epg="http://i.teleboy.ch/programm/station.php?station_id=36">
    </channel>
    <channel
        name="NICKCC"
        url="http://www.tv-kino.net/stream/live/de/nickcc.html"
        epg="http://i.teleboy.ch/programm/station.php?station_id=141">
    </channel>
    <channel
        name="KIKA"
        url="http://www.tv-kino.net/stream/live/de/kika.html"
        epg="http://i.teleboy.ch/programm/station.php?station_id=43">
    </channel>
    <channel
        name="ARTE"
        url="http://www.tv-kino.net/stream/live/de/arte.html"
        epg="http://i.teleboy.ch/programm/station.php?station_id=24">
    </channel>
    <channel
        name="VIVA"
        url="http://www.tv-kino.net/stream/live/de/viva.html"
        epg="http://i.teleboy.ch/programm/station.php?station_id=70">
    </channel>
    <channel
        name="DELUXE MUSIC"
        url="rtmp://push.flash3.ipercast.net:1935/deluxemusic.tv-live/ playpath=web_850.stream swfUrl=http://www.onlinesat-tv.com/channel/flashplayer2.swf pageUrl=http://www.onlinesat-tv.com/online.php?tv=Deluxe_Music&amp;id=752 swfVfy=true live=true"
        epg="http://i.teleboy.ch/programm/station.php?station_id=177">
    </channel>
    <channel
        name="WDR"
        url="http://www.tv-kino.net/stream/live/de/wdr.html"
        epg="http://i.teleboy.ch/programm/station.php?station_id=30">
    </channel>
    <channel
        name="MDR"
        url="http://www.tv-kino.net/stream/live/de/mdr.html"
        epg="http://i.teleboy.ch/programm/station.php?station_id=31">
    </channel>
    <channel
        name="SWR"
        url="http://www.tv-kino.net/stream/live/de/swr.html"
        epg="http://i.teleboy.ch/programm/station.php?station_id=29">
    </channel>
    <channel
        name="N24"
        url="http://www.tv-kino.net/stream/live/de/n24.html"
        epg="http://i.teleboy.ch/programm/station.php?station_id=44">
    </channel>
    <channel
        name="NTV"
        url="http://www.tv-kino.net/stream/live/de/ntv.html"
        epg="http://i.teleboy.ch/programm/station.php?station_id=38">
    </channel>
    <channel
        name="EURONEWS"
        url="http://akamedia10.lsops.net/live/smil:euronews_de.smil/playlist.m3u8"
        epg="http://i.teleboy.ch/programm/station.php?station_id=67">
    </channel>
    <channel
        name="ZDFNEO"
        url="http://www.tv-kino.net/stream/live/de/zdfneo.html"
        epg="http://i.teleboy.ch/programm/station.php?station_id=121">
    </channel>
</channels>
</data>
