<?xml version="1.0" encoding="UTF-8" standalone="yes"?>
<addon id="plugin.video.tvbox"
       name="TV Box"
       version="1.0.1"
       provider-name="Christof Torres">
    <requires>
        <import addon="xbmc.python" version="1.0"/>
        <import addon="script.module.simplejson"/>
        <import addon="script.module.beautifulsoup" version="3.0.8"/>
    </requires>
    <extension point="xbmc.python.pluginsource"
               library="default.py">
        <provides>video</provides>
    </extension>
    <extension point="xbmc.addon.metadata">
        <platform>all</platform>
        <summary lang="en">TV Box - The unique tv experience.</summary>
        <description lang="en">Watch the best tv-channels on your XBMC as live stream. ARD, ZDF, Sat1, RTL, RTL2, Pro7, Kabel1, VOX, Sixx, DMAX, Super-RTL, RTL-Nitro, 3Sat, Eurosport, Sport1, Nickelodeon, KIKA, Arte, VIVA, MTV, DeluxeMusic, WDR, MDR, SWR, N24, N-tv, ZDF-Neo, Servus-tv, ORF1, ORF2, SF1, SF2, SFINFO, TELEZURI, 3Plus, RTS-Un, RTS-Deux, France2, France3, France5.</description>
		<summary lang="de">TV Box - Das einzigartige TV-Elebnis.</summary>
        <description lang="de">Die besten TV-Sender, auf deinem XBMC als live Stream anschauen. ARD, ZDF, Sat1, RTL, RTL2, Pro7, Kabel1, VOX, Sixx, DMAX, Super-RTL, RTL-Nitro, 3Sat, Eurosport, Sport1, Nickelodeon, KIKA, Arte, VIVA, MTV, DeluxeMusic, WDR, MDR, SWR, N24, N-tv, ZDF-Neo, Servus-tv, ORF1, ORF2, SF1, SF2, SFINFO, TELEZURI, 3Plus, RTS-Un, RTS-Deux, France2, France3, France5.</description>
    </extension>
</addon>
