<?xml version="1.0" encoding="UTF-8"?>
<data>
<channels>
    <channel
        name="DAS ERSTE"
        url="http://megatv.to/Live-Stream/deutschland/ios-ard.html"
        epg="http://i.teleboy.ch/programm/station.php?station_id=1">
    </channel>
    <channel
        name="ZDF"
        url="http://megatv.to/Live-Stream/deutschland/ios-zdf.html"
        epg="http://i.teleboy.ch/programm/station.php?station_id=2">
    </channel>
    <channel
        name="SAT.1"
        url="http://megatv.to/Live-Stream/deutschland/ios-sat1.html"
        epg="http://i.teleboy.ch/programm/station.php?station_id=10">
    </channel>
    <channel
        name="RTL"
        url="http://megatv.to/Live-Stream/deutschland/ios-rtl.html"
        epg="http://i.teleboy.ch/programm/station.php?station_id=8">
    </channel>
    <channel
        name="RTL 2"
        url="http://megatv.to/Live-Stream/allgemein/ios-rtl2.html"
        epg="http://i.teleboy.ch/programm/station.php?station_id=23">
    </channel>
    <channel
        name="PRO7"
        url="http://megatv.to/Live-Stream/deutschland/ios-prosieben.html"
        epg="http://i.teleboy.ch/programm/station.php?station_id=9">
    </channel>
    <channel
        name="KABEL 1"
        url="http://megatv.to/Live-Stream/deutschland/ios-kabel1.html"
        epg="http://i.teleboy.ch/programm/station.php?station_id=26">
    </channel>
    <channel
        name="VOX"
        url="http://megatv.to/Live-Stream/deutschland/ios-vox.html"
        epg="http://i.teleboy.ch/programm/station.php?station_id=25">
    </channel>
    <channel
        name="SIXX"
        url="http://megatv.to/Live-Stream/deutschland/ios-sixx.html"
        epg="http://i.teleboy.ch/programm/station.php?station_id=259">
    </channel>
    <channel
        name="DMAX"
        url="http://megatv.to/Live-Stream/deutschland/ios-dmax.html"
        epg="http://i.teleboy.ch/programm/station.php?station_id=154">
    </channel>
    <channel
        name="PRO7 MAXX"
        url="http://megatv.to/Live-Stream/deutschland/ios-pro-sieben-maxx.html"
        epg="http://i.teleboy.ch/programm/station.php?station_id=317">
    </channel>
    <channel
        name="SUPERRTL"
        url="http://megatv.to/Live-Stream/deutschland/ios-super-rtl.html"
        epg="http://i.teleboy.ch/programm/station.php?station_id=294">
    </channel>
    <channel
        name="RTLNITRO"
        url="http://megatv.to/Live-Stream/deutschland/ios-rtl-nitro.html"
        epg="http://i.teleboy.ch/programm/station.php?station_id=289">
    </channel>
    <channel
        name="SAT1 GOLD"
        url="http://www.tv-kino.net/stream/live/de/sat1gold.html"
        epg="http://i.teleboy.ch/programm/station.php?station_id=301">
    </channel>
    <channel
        name="3SAT"
        url="http://megatv.to/Live-Stream/deutschland/ios-3sat.html"
        epg="http://i.teleboy.ch/programm/station.php?station_id=11">
    </channel>
    <channel
        name="EUROSPORT"
        url="http://megatv.to/Live-Stream/deutschland/ios-eurosport.html"
        epg="http://i.teleboy.ch/programm/station.php?station_id=35">
    </channel>
    <channel
        name="SPORT1"
        url="http://megatv.to/Live-Stream/deutschland/ios-sport-1.html"
        epg="http://i.teleboy.ch/programm/station.php?station_id=36">
    </channel>
    <channel
        name="NICKELODEON"
        url="http://megatv.to/Live-Stream/deutschland/ios-nickeldeon.html"
        epg="http://i.teleboy.ch/programm/station.php?station_id=141">
    </channel>
    <channel
        name="KIKA"
        url="http://megatv.to/Live-Stream/deutschland/ios-kika-2.html"
        epg="http://i.teleboy.ch/programm/station.php?station_id=43">
    </channel>
    <channel
        name="ARTE"
        url="http://megatv.to/Live-Stream/deutschland/ios-arte.html"
        epg="http://i.teleboy.ch/programm/station.php?station_id=24">
    </channel>
    <channel
        name="VIVA"
        url="http://megatv.to/Live-Stream/deutschland/ios-viva.html"
        epg="http://i.teleboy.ch/programm/station.php?station_id=70">
    </channel>
    <channel
        name="DELUXE MUSIC"
        url="rtmp://push.flash3.ipercast.net:1935/deluxemusic.tv-live/ playpath=web_850.stream swfUrl=http://www.onlinesat-tv.com/channel/flashplayer2.swf pageUrl=http://www.onlinesat-tv.com/online.php?tv=Deluxe_Music&amp;id=752 swfVfy=true live=true"
        epg="http://i.teleboy.ch/programm/station.php?station_id=177">
    </channel>
    <channel
        name="WDR"
        url="http://megatv.to/Live-Stream/deutschland/ios-ndr.html"
        epg="http://i.teleboy.ch/programm/station.php?station_id=30">
    </channel>
    <channel
        name="MDR"
        url="http://live-tv.to/television_channels/28"
        epg="http://i.teleboy.ch/programm/station.php?station_id=31">
    </channel>
    <channel
        name="SWR"
        url="http://megatv.to/Live-Stream/deutschland/ios-swr.html"
        epg="http://i.teleboy.ch/programm/station.php?station_id=29">
    </channel>
    <channel
        name="NDR"
        url="http://live-tv.to/television_channels/7"
        epg="http://i.teleboy.ch/programm/station.php?station_id=28">
    </channel>
    <channel
        name="N24"
        url="http://megatv.to/Live-Stream/deutschland/n24.html"
        epg="http://i.teleboy.ch/programm/station.php?station_id=44">
    </channel>
    <channel
        name="NTV"
        url="http://megatv.to/Live-Stream/deutschland/ios-n-tv.html"
        epg="http://i.teleboy.ch/programm/station.php?station_id=38">
    </channel>
    <channel
        name="EURONEWS"
        url="http://megatv.to/Live-Stream/deutschland/ios-euronews.html"
        epg="http://i.teleboy.ch/programm/station.php?station_id=67">
    </channel>
    <channel
        name="ZDF_NEO"
        url="http://megatv.to/Live-Stream/deutschland/ios-zdf-neo.html"
        epg="http://i.teleboy.ch/programm/station.php?station_id=121">
    </channel>
    <channel
        name="ZDF.KULTUR"
        url="http://megatv.to/Live-Stream/deutschland/zdf-kultur.html"
        epg="http://i.teleboy.ch/programm/station.php?station_id=280">
    </channel>
    <channel
        name="ZDFINFO"
        url="http://megatv.to/Live-Stream/deutschland/zdf-info.html"
        epg="http://i.teleboy.ch/programm/station.php?station_id=172">
    </channel>
    <channel
        name="DAS VIERTE"
        url="http://megatv.to/Live-Stream/deutschland/ios-das-vierte.html"
        epg="http://i.teleboy.ch/programm/station.php?station_id=145">
    </channel>
    <channel
        name="PHOENIX"
        url="http://megatv.to/Live-Stream/deutschland/ios-phoenix.html"
        epg="http://i.teleboy.ch/programm/station.php?station_id=46">
    </channel>
    <channel
        name="BAYERISCHES FERNSEHEN"
        url="http://megatv.to/Live-Stream/allgemein/br3.html"
        epg="http://i.teleboy.ch/programm/station.php?station_id=27">
    </channel>
    <channel
        name="ANIXE"
        url="http://live-tv.to/television_channels/5"
        epg="http://i.teleboy.ch/programm/station.php?station_id=175">
    </channel>
</channels>
</data>
