<?xml version="1.0" encoding="UTF-8"?>
<data>
<channels>
    <channel
        name="ALJAZEERA"
        url="http://hd2.lsops.net/live/smil:aljazeer_en_hls.smil/playlist.m3u8"
        epg="http://i.teleboy.ch/programm/station.php?station_id=148">
    </channel>
    <channel
        name="BBC WORLD NEWS"
        url="http://akamedia2.lsops.net/live/bbcworld1_en.smil/playlist.m3u8"
        epg="http://i.teleboy.ch/programm/station.php?station_id=101">
    </channel>
    <channel
        name="BLOOMBERG"
        url="http://hd4.lsops.net/live/bloomber_en_hls.smil/playlist.m3u8"
        epg="http://i.teleboy.ch/programm/station.php?station_id=150">
    </channel>
    <channel
        name="CNN INTERNATIONAL"
        url="http://livestation_hls-lh.akamaihd.net/i/cnn_en@105455/master.m3u8"
        epg="http://i.teleboy.ch/programm/station.php?station_id=50">
    </channel>
    <channel
        name="CNBC EUROPE"
        url="http://livestation_hls-lh.akamaihd.net/i/cnbc_en@106428/master.m3u8"
        epg="http://i.teleboy.ch/programm/station.php?station_id=131">
    </channel>
    <channel
        name="EURONEWS"
        url="http://hd1.lsops.net/live/smil:euronews_en.smil/playlist.m3u8"
        epg="http://i.teleboy.ch/programm/station.php?station_id=195">
    </channel>
    <channel
        name="FRANCE24 ENGLISH"
        url="http://media10.lsops.net/live/france24_en.smil/playlist.m3u8"
        epg="http://i.teleboy.ch/programm/station.php?station_id=149">
    </channel>
    <channel
        name="EUROSPORT"
        url="http://live-tv.to/television_channels/103"
        epg="http://i.teleboy.ch/programm/station.php?station_id=132">
    </channel>
    <channel
        name="EUROSPORT HD"
        url="http://live-tv.to/television_channels/106"
        epg="">
    </channel>
    <channel
        name="EUROSPORT2"
        url="http://live-tv.to/television_channels/107"
        epg="http://i.teleboy.ch/programm/station.php?station_id=135">
    </channel>
    <channel
        name="EUROSPORT2 HD"
        url="http://live-tv.to/television_channels/105"
        epg="">
    </channel>
</channels>
</data>
