<?xml version="1.0" encoding="UTF-8" standalone="yes"?>
<addon id="plugin.video.kinokiste"
       name="KinoKiste"
       version="0.0.3"
       provider-name="Christof Torres">
    <requires>
        <import addon="xbmc.python" version="1.0"/>
        <import addon="script.module.simplejson"/>
        <import addon="script.module.beautifulsoup" version="3.0.8"/>
    </requires>
    <extension point="xbmc.python.pluginsource"
               library="default.py">
        <provides>video</provides>
    </extension>
    <extension point="xbmc.addon.metadata">
        <platform>all</platform>
        <summary lang="en">KinoKiste</summary>
        <description lang="en">With this add-on you can watch all the videos from www.kinokiste.com.</description>
    </extension>
</addon>
